HS2,HS2 Description,Rank,Country of Origin,BaselineShare,BaselineSharePct,Old Tariff,Old TariffPct
33,Personal care and cleaning,1,France,0.22664926777048386,22.664926777048386,0.0754624090873829,7.54624090873829
33,Personal care and cleaning,2,Ireland,0.20692186887598385,20.692186887598385,0.05137812803310005,5.1378128033100054
33,Personal care and cleaning,3,Canada,0.10923241168077569,10.923241168077569,0.0107455207532889,1.07455207532889
33,Personal care and cleaning,4,Italy,0.10006233393857868,10.006233393857867,0.08377592293677112,8.377592293677113
33,Personal care and cleaning,5,Mexico,0.09206953738302476,9.206953738302476,0.006891928936121487,0.6891928936121487
33,Personal care and cleaning,6,"Korea, South",0.08766149714114423,8.766149714114423,0.07833959641437206,7.833959641437207
33,Personal care and cleaning,7,China,0.06584433334663999,6.5844333346639985,0.4496855320881404,44.968553208814036
33,Personal care and cleaning,8,Spain,0.05093823275789953,5.093823275789953,0.0779207543057204,7.79207543057204
33,Personal care and cleaning,9,United Kingdom,0.031093241052580607,3.109324105258061,0.07338552016068738,7.338552016068737
33,Personal care and cleaning,10,India,0.029527276052888782,2.952727605288878,0.13599196391180882,13.599196391180882
34,Personal care and cleaning,1,Canada,0.22814742972502083,22.814742972502085,0.005079902009600339,0.5079902009600339
34,Personal care and cleaning,2,Mexico,0.2082908373907315,20.829083739073152,0.0016191506929149997,0.16191506929149996
34,Personal care and cleaning,3,China,0.14149998527936145,14.149998527936145,0.3155294717599844,31.55294717599844
34,Personal care and cleaning,4,Vietnam,0.12870279901932638,12.870279901932639,0.11150177111162336,11.150177111162336
34,Personal care and cleaning,5,Germany,0.09784981832888098,9.784981832888098,0.09573445782674134,9.573445782674133
34,Personal care and cleaning,6,"Korea, South",0.048770157985223654,4.877015798522366,0.0691213250575109,6.91213250575109
34,Personal care and cleaning,7,Japan,0.041241917378539585,4.124191737853958,0.09158917305006603,9.158917305006604
34,Personal care and cleaning,8,France,0.03688559140670316,3.688559140670316,0.08082982861651669,8.082982861651669
34,Personal care and cleaning,9,India,0.035088547228929394,3.508854722892939,0.12675016677046963,12.675016677046964
34,Personal care and cleaning,10,United Kingdom,0.03352291625728308,3.3522916257283075,0.0864972397484787,8.64972397484787
39,Plastics and articles thereof,1,China,0.316561746533354,31.656174653335402,0.33556469556961693,33.556469556961694
39,Plastics and articles thereof,2,Canada,0.2298462795098763,22.98462795098763,0.005011337038170445,0.5011337038170446
39,Plastics and articles thereof,3,Mexico,0.13512929763240594,13.512929763240594,0.012975527028914982,1.2975527028914982
39,Plastics and articles thereof,4,"Korea, South",0.07018133818276343,7.018133818276342,0.070986777285849,7.098677728584899
39,Plastics and articles thereof,5,Germany,0.06336941963240728,6.336941963240728,0.09683554950031058,9.683554950031057
39,Plastics and articles thereof,6,Vietnam,0.05383658278644171,5.383658278644171,0.1383968613497868,13.83968613497868
39,Plastics and articles thereof,7,Taiwan,0.04604513974736665,4.604513974736665,0.12164500920882969,12.164500920882968
39,Plastics and articles thereof,8,Japan,0.04203317668960398,4.2033176689603975,0.092352895659131,9.235289565913101
39,Plastics and articles thereof,9,Thailand,0.02307939784265673,2.307939784265673,0.11734780624213074,11.734780624213075
39,Plastics and articles thereof,10,India,0.019917621443124107,1.9917621443124107,0.16416310270825965,16.416310270825964
48,Paper goods and printed materials,1,Canada,0.43284657015294203,43.2846570152942,0.0024304945525130874,0.24304945525130875
48,Paper goods and printed materials,2,China,0.16198646832463767,16.198646832463766,0.40184718949071496,40.184718949071495
48,Paper goods and printed materials,3,Mexico,0.10303222207250302,10.303222207250302,0.01499390069715143,1.499390069715143
48,Paper goods and printed materials,4,Germany,0.06437826498838076,6.437826498838076,0.08430393462430207,8.430393462430207
48,Paper goods and printed materials,5,Finland,0.06328210895290826,6.328210895290826,0.07468071550442446,7.4680715504424455
48,Paper goods and printed materials,6,Vietnam,0.04741583498673907,4.741583498673907,0.10189081174922794,10.189081174922794
48,Paper goods and printed materials,7,"Korea, South",0.04053056227538126,4.053056227538126,0.05900710988122752,5.900710988122752
48,Paper goods and printed materials,8,Indonesia,0.030859841477820105,3.0859841477820105,0.08577097852388815,8.577097852388816
48,Paper goods and printed materials,9,Sweden,0.030108759681629394,3.0108759681629396,0.07195884649992226,7.195884649992227
48,Paper goods and printed materials,10,India,0.02555936708705832,2.555936708705832,0.15424731499795263,15.424731499795264
49,Paper goods and printed materials,1,China,0.48143120352260993,48.14312035226099,0.08407867449837685,8.407867449837685
49,Paper goods and printed materials,2,Canada,0.14497129325000901,14.497129325000902,0.0038618976988400036,0.3861897698840004
49,Paper goods and printed materials,3,Mexico,0.10019037277081777,10.019037277081777,0.0028500397248058776,0.2850039724805878
49,Paper goods and printed materials,4,United Kingdom,0.09775279399906861,9.77527939990686,0.002614906095722356,0.2614906095722356
49,Paper goods and printed materials,5,Italy,0.04134317505614228,4.134317505614228,0.006696572590621517,0.6696572590621518
49,Paper goods and printed materials,6,Germany,0.03007140692863307,3.0071406928633073,0.023154428871015112,2.3154428871015114
49,Paper goods and printed materials,7,India,0.02999161592733532,2.999161592733532,0.016625207091134724,1.6625207091134724
49,Paper goods and printed materials,8,Vietnam,0.02939355738867582,2.939355738867582,0.027347988714329762,2.734798871432976
49,Paper goods and printed materials,9,"Korea, South",0.024345433179345642,2.434543317934564,0.01039631870333587,1.039631870333587
49,Paper goods and printed materials,10,Malaysia,0.02050914797736256,2.0509147977362563,0.0074576415872174215,0.7457641587217422
61,Apparel and textiles,1,China,0.26655534128215763,26.655534128215763,0.44688563338169973,44.68856333816997
61,Apparel and textiles,2,Vietnam,0.25351750565487613,25.351750565487613,0.30705672798051703,30.705672798051705
61,Apparel and textiles,3,Cambodia,0.08401879704807698,8.401879704807698,0.2973260587861781,29.73260587861781
61,Apparel and textiles,4,Bangladesh,0.0739797111267755,7.39797111267755,0.2713237238185986,27.13237238185986
61,Apparel and textiles,5,Indonesia,0.06843318872957098,6.843318872957098,0.2983294517111972,29.832945171119718
61,Apparel and textiles,6,India,0.06626528850789969,6.626528850789969,0.30061108721090374,30.061108721090374
61,Apparel and textiles,7,Honduras,0.05869378100327819,5.869378100327819,0.07167554658982325,7.167554658982326
61,Apparel and textiles,8,Nicaragua,0.04707116734738095,4.707116734738094,0.10385869659051847,10.385869659051847
61,Apparel and textiles,9,Guatemala,0.04076989348256022,4.076989348256022,0.08655471153894866,8.655471153894865
61,Apparel and textiles,10,Jordan,0.04069532581742372,4.069532581742372,0.08589388144692699,8.589388144692698
62,Apparel and textiles,1,China,0.23964877151182837,23.964877151182836,0.4013965164624479,40.139651646244786
62,Apparel and textiles,2,Vietnam,0.22854438909890024,22.854438909890025,0.2536005602458744,25.36005602458744
62,Apparel and textiles,3,Bangladesh,0.16611800206387367,16.611800206387368,0.24222535314665733,24.222535314665734
62,Apparel and textiles,4,India,0.08453929987902917,8.453929987902917,0.26609475017137285,26.609475017137285
62,Apparel and textiles,5,Indonesia,0.0728745822963318,7.28745822963318,0.2438719660639047,24.38719660639047
62,Apparel and textiles,6,Mexico,0.06233527227393876,6.233527227393876,0.016007851365499228,1.6007851365499228
62,Apparel and textiles,7,Italy,0.04576540055012304,4.5765400550123045,0.13924077637092677,13.924077637092678
62,Apparel and textiles,8,Cambodia,0.040164958375427044,4.0164958375427045,0.24632585682508945,24.632585682508946
62,Apparel and textiles,9,Pakistan,0.03442301504372021,3.442301504372021,0.24226388592307302,24.226388592307302
62,Apparel and textiles,10,Sri Lanka,0.025586308906827625,2.5586308906827626,0.25260722831677596,25.260722831677597
63,Apparel and textiles,1,China,0.5434634698463057,54.346346984630564,0.308121529221044,30.812152922104403
63,Apparel and textiles,2,India,0.18788975488935125,18.788975488935126,0.2352610396410895,23.526103964108948
63,Apparel and textiles,3,Pakistan,0.09658533200033423,9.658533200033423,0.15416995541569337,15.416995541569337
63,Apparel and textiles,4,Mexico,0.07984621817632283,7.9846218176322825,0.05322021807754998,5.322021807754998
63,Apparel and textiles,5,Vietnam,0.03223264686659278,3.2232646866592782,0.17614179492616375,17.614179492616376
63,Apparel and textiles,6,Turkey,0.01741645627627077,1.741645627627077,0.1723418566845085,17.23418566845085
63,Apparel and textiles,7,Bangladesh,0.013258589187007442,1.3258589187007441,0.13350403631445232,13.350403631445232
63,Apparel and textiles,8,Portugal,0.01004042113871303,1.004042113871303,0.13428286163683256,13.428286163683257
63,Apparel and textiles,9,Cambodia,0.009769501489472258,0.9769501489472258,0.14305066574454983,14.305066574454983
63,Apparel and textiles,10,Taiwan,0.009497610129629762,0.9497610129629762,0.17333142874903004,17.333142874903004
64,Footwear,1,China,0.3627346418033137,36.27346418033137,0.32351221891742044,32.35122189174204
64,Footwear,2,Vietnam,0.34067667531366935,34.067667531366936,0.22736368944986457,22.736368944986456
64,Footwear,3,Indonesia,0.0974248840168935,9.74248840168935,0.23466746087374254,23.466746087374254
64,Footwear,4,Italy,0.07878388843426233,7.878388843426233,0.15828560152521995,15.828560152521995
64,Footwear,5,Cambodia,0.03691022566967843,3.6910225669678427,0.1932845458746296,19.32845458746296
64,Footwear,6,Mexico,0.02729661475215841,2.729661475215841,0.008187504399820807,0.8187504399820806
64,Footwear,7,India,0.01895906909104259,1.8959069091042589,0.2580851569906834,25.80851569906834
64,Footwear,8,Germany,0.016009373029043025,1.6009373029043026,0.14684439601314153,14.684439601314153
64,Footwear,9,Bangladesh,0.011976408796321053,1.1976408796321054,0.1816813032586566,18.16813032586566
64,Footwear,10,Brazil,0.00922821909361771,0.922821909361771,0.27692771654269466,27.692771654269464
70,Glassware,1,China,0.34338914493837813,34.33891449383781,0.4397357946753301,43.97357946753301
70,Glassware,2,Mexico,0.2623598662260639,26.23598662260639,0.011670777551342814,1.1670777551342815
70,Glassware,3,Germany,0.08917355008091969,8.917355008091969,0.10936891901323156,10.936891901323156
70,Glassware,4,Canada,0.0789554883746838,7.895548837468381,0.01014828266122147,1.014828266122147
70,Glassware,5,Taiwan,0.042013830557840935,4.201383055784094,0.1390782728974986,13.90782728974986
70,Glassware,6,India,0.04178178093944207,4.178178093944207,0.20022672172745667,20.02267217274567
70,Glassware,7,France,0.03923150638875729,3.923150638875729,0.10012055747141348,10.012055747141348
70,Glassware,8,Japan,0.039024979855840414,3.9024979855840414,0.11297264971058125,11.297264971058125
70,Glassware,9,Italy,0.0342935299347035,3.4293529934703497,0.11123479354636472,11.123479354636471
70,Glassware,10,Vietnam,0.029776322703370342,2.9776322703370344,0.15518472592266339,15.518472592266338
73,Articles of iron or steel,1,China,0.2919813560486092,29.19813560486092,0.5389596295875462,53.895962958754616
73,Articles of iron or steel,2,Mexico,0.18207600345449965,18.207600345449965,0.1263502078293085,12.63502078293085
73,Articles of iron or steel,3,Canada,0.12773831491876544,12.773831491876544,0.16387886333623952,16.387886333623953
73,Articles of iron or steel,4,Taiwan,0.08919997680020039,8.919997680020039,0.31296665637263266,31.296665637263267
73,Articles of iron or steel,5,"Korea, South",0.07369755676211368,7.369755676211367,0.2528800554442252,25.28800554442252
73,Articles of iron or steel,6,India,0.06717281916239745,6.717281916239745,0.2947834574146759,29.47834574146759
73,Articles of iron or steel,7,Germany,0.055327901592817426,5.532790159281743,0.2900923579517152,29.009235795171517
73,Articles of iron or steel,8,Japan,0.04343464211000283,4.343464211000283,0.2712862931423551,27.128629314235507
73,Articles of iron or steel,9,Italy,0.035018771998091926,3.5018771998091927,0.2364260817140957,23.64260817140957
73,Articles of iron or steel,10,Vietnam,0.034352657152502,3.4352657152501997,0.27923055199236735,27.923055199236735
76,Articles of aluminum,1,Canada,0.5214813496950464,52.148134969504646,0.21555340651999508,21.555340651999508
76,Articles of aluminum,2,China,0.12680110454072355,12.680110454072354,0.5373904637157659,53.73904637157659
76,Articles of aluminum,3,Mexico,0.09031833225358118,9.031833225358119,0.12122643316951483,12.122643316951482
76,Articles of aluminum,4,United Arab Emirates,0.06109908277052667,6.109908277052667,0.2861317687947265,28.61317687947265
76,Articles of aluminum,5,"Korea, South",0.042518402939839064,4.251840293983906,0.3181304341954471,31.813043419544712
76,Articles of aluminum,6,India,0.04051785353679012,4.051785353679012,0.26918427293859515,26.918427293859516
76,Articles of aluminum,7,Bahrain,0.03296650550153168,3.2966505501531675,0.27722891571986613,27.72289157198661
76,Articles of aluminum,8,Germany,0.029792366915955253,2.9792366915955255,0.2945005646608793,29.450056466087933
76,Articles of aluminum,9,Colombia,0.028888431696848318,2.8888431696848316,0.03801179068417412,3.8011790684174116
76,Articles of aluminum,10,Thailand,0.025616570149157743,2.5616570149157742,0.24682978936051253,24.682978936051253
82,Tools and cutlery,1,China,0.35909197130443227,35.909197130443225,0.39077174235166695,39.077174235166694
82,Tools and cutlery,2,Taiwan,0.1312976758777998,13.12976758777998,0.15815465426287664,15.815465426287664
82,Tools and cutlery,3,Germany,0.12119236450046594,12.119236450046595,0.11535553760441895,11.535553760441895
82,Tools and cutlery,4,Japan,0.0878551320142934,8.78551320142934,0.10428956552866123,10.428956552866122
82,Tools and cutlery,5,Mexico,0.06996732170817757,6.996732170817757,0.02549706096744495,2.549706096744495
82,Tools and cutlery,6,Vietnam,0.06374388274596463,6.374388274596463,0.15490290535264045,15.490290535264045
82,Tools and cutlery,7,"Korea, South",0.04797270375417024,4.797270375417024,0.09818713852834432,9.818713852834431
82,Tools and cutlery,8,Canada,0.043869991446581165,4.386999144658117,0.02817533244634391,2.817533244634391
82,Tools and cutlery,9,India,0.04056664834635798,4.056664834635798,0.2095611689157888,20.95611689157888
82,Tools and cutlery,10,Switzerland,0.034442308301757006,3.4442308301757008,0.14937191053302795,14.937191053302795
83,Miscellaneous articles of base metal,1,China,0.38403348217044697,38.403348217044694,0.4167851365533657,41.678513655336566
83,Miscellaneous articles of base metal,2,Mexico,0.2115050419770779,21.15050419770779,0.06148140884953764,6.148140884953764
83,Miscellaneous articles of base metal,3,Canada,0.1103357295336916,11.033572953369159,0.061623899173598264,6.162389917359826
83,Miscellaneous articles of base metal,4,Taiwan,0.09149728404257758,9.149728404257758,0.16523412194801973,16.523412194801974
83,Miscellaneous articles of base metal,5,"Korea, South",0.045796885971025804,4.579688597102581,0.1344704614997166,13.447046149971658
83,Miscellaneous articles of base metal,6,Vietnam,0.03775625685252402,3.7756256852524017,0.16924157574161516,16.924157574161516
83,Miscellaneous articles of base metal,7,India,0.03400638399092562,3.400638399092562,0.20159059106786592,20.159059106786593
83,Miscellaneous articles of base metal,8,Japan,0.03381959864591372,3.381959864591372,0.15640235902270355,15.640235902270355
83,Miscellaneous articles of base metal,9,Germany,0.03307270792332158,3.307270792332158,0.14845027358967422,14.845027358967421
83,Miscellaneous articles of base metal,10,Italy,0.01817662889249523,1.817662889249523,0.12662521123736215,12.662521123736214
84,Machinery and electrical equipment,1,Mexico,0.24345208435287635,24.345208435287635,0.02681260533585886,2.681260533585886
84,Machinery and electrical equipment,2,China,0.19642478040017275,19.642478040017274,0.3229616952423051,32.296169524230514
84,Machinery and electrical equipment,3,Taiwan,0.1427682328698059,14.276823286980589,0.006622219571889901,0.6622219571889901
84,Machinery and electrical equipment,4,Japan,0.08302841790081027,8.302841790081027,0.09855702806974347,9.855702806974346
84,Machinery and electrical equipment,5,Germany,0.07314517467036472,7.314517467036471,0.0938790387316419,9.38790387316419
84,Machinery and electrical equipment,6,Canada,0.0692524758415404,6.92524758415404,0.028275933618917077,2.8275933618917075
84,Machinery and electrical equipment,7,Vietnam,0.06219807677827723,6.219807677827723,0.018024933563023263,1.8024933563023264
84,Machinery and electrical equipment,8,"Korea, South",0.054752328792268636,5.475232879226864,0.05093966974283442,5.0939669742834415
84,Machinery and electrical equipment,9,Thailand,0.042456843150828004,4.2456843150828005,0.031416496232625664,3.1416496232625666
84,Machinery and electrical equipment,10,Italy,0.03252158524305566,3.2521585243055657,0.09153019603973715,9.153019603973716
85,Machinery and electrical equipment,1,China,0.2909611884619834,29.096118846198337,0.26523490668223987,26.523490668223985
85,Machinery and electrical equipment,2,Mexico,0.2143980215962471,21.439802159624712,0.026914276422060283,2.6914276422060284
85,Machinery and electrical equipment,3,Vietnam,0.12245486325041287,12.245486325041286,0.04858563866023979,4.858563866023979
85,Machinery and electrical equipment,4,Taiwan,0.07631427253084946,7.631427253084946,0.034647319423637996,3.4647319423637994
85,Machinery and electrical equipment,5,Malaysia,0.07346583027516669,7.346583027516669,0.040055955382265016,4.005595538226501
85,Machinery and electrical equipment,6,Thailand,0.056609792588302746,5.660979258830275,0.04014658317071361,4.014658317071361
85,Machinery and electrical equipment,7,"Korea, South",0.05216899693036571,5.216899693036571,0.05433373068319671,5.433373068319671
85,Machinery and electrical equipment,8,Japan,0.04729422181874141,4.729422181874141,0.09358371347212054,9.358371347212053
85,Machinery and electrical equipment,9,India,0.03842465516935063,3.8424655169350634,0.032634160164993285,3.2634160164993284
85,Machinery and electrical equipment,10,Germany,0.027908157378579934,2.7908157378579936,0.08858444018532369,8.858444018532369
87,Automotive and bicycle parts,1,Mexico,0.374446852070397,37.444685207039704,0.08101059576935558,8.101059576935558
87,Automotive and bicycle parts,2,Japan,0.15052752641359368,15.052752641359369,0.16458285999339078,16.45828599933908
87,Automotive and bicycle parts,3,Canada,0.14773150810253008,14.773150810253007,0.06689566272928439,6.689566272928439
87,Automotive and bicycle parts,4,"Korea, South",0.10947165116090578,10.947165116090577,0.15575799150905864,15.575799150905864
87,Automotive and bicycle parts,5,Germany,0.09889938164347334,9.889938164347335,0.14816964636184696,14.816964636184697
87,Automotive and bicycle parts,6,China,0.0459885272734626,4.5988527273462605,0.5179436765868369,51.79436765868369
87,Automotive and bicycle parts,7,United Kingdom,0.02965917146131208,2.965917146131208,0.10266448941862664,10.266448941862665
87,Automotive and bicycle parts,8,Slovakia,0.016554994830028525,1.6554994830028524,0.16593407468285967,16.593407468285967
87,Automotive and bicycle parts,9,Italy,0.015219343510623642,1.5219343510623642,0.11860086912482189,11.860086912482188
87,Automotive and bicycle parts,10,Sweden,0.011501043533673259,1.1501043533673259,0.14628503837966497,14.628503837966496
94,Furniture and bedding,1,China,0.3184643683882134,31.84643683882134,0.39415449402037633,39.41544940203763
94,Furniture and bedding,2,Vietnam,0.21830169100465854,21.830169100465856,0.09778532634937685,9.778532634937685
94,Furniture and bedding,3,Mexico,0.21430791697482213,21.430791697482213,0.02689462597014637,2.689462597014637
94,Furniture and bedding,4,Canada,0.0915541387549653,9.15541387549653,0.021900252744622022,2.190025274462202
94,Furniture and bedding,5,Italy,0.033169448433019375,3.3169448433019375,0.09536159091338559,9.536159091338558
94,Furniture and bedding,6,Malaysia,0.029349216734368577,2.9349216734368575,0.09548021717568582,9.548021717568583
94,Furniture and bedding,7,Indonesia,0.027575277636782036,2.7575277636782034,0.0787441634555093,7.87441634555093
94,Furniture and bedding,8,Cambodia,0.022523726613265904,2.25237266132659,0.11734548072986192,11.734548072986192
94,Furniture and bedding,9,India,0.022430027852658577,2.243002785265858,0.1895894591684058,18.95894591684058
94,Furniture and bedding,10,Taiwan,0.0223241876072461,2.23241876072461,0.13731876937268583,13.731876937268584
95,"Toys, sporting goods, and miscellaneous manufactured articles",1,China,0.7352453169964944,73.52453169964944,0.2329493409569042,23.29493409569042
95,"Toys, sporting goods, and miscellaneous manufactured articles",2,Vietnam,0.10845555856841392,10.845555856841392,0.1356143521339108,13.561435213391078
95,"Toys, sporting goods, and miscellaneous manufactured articles",3,Mexico,0.04283373966039205,4.283373966039205,0.01435071669790855,1.435071669790855
95,"Toys, sporting goods, and miscellaneous manufactured articles",4,Taiwan,0.03898014202264095,3.8980142022640947,0.13100635664438195,13.100635664438196
95,"Toys, sporting goods, and miscellaneous manufactured articles",5,Japan,0.016717013489923462,1.6717013489923462,0.09617475922901793,9.617475922901793
95,"Toys, sporting goods, and miscellaneous manufactured articles",6,Indonesia,0.014694514438895327,1.4694514438895327,0.11348496745433792,11.348496745433792
95,"Toys, sporting goods, and miscellaneous manufactured articles",7,Thailand,0.012789075363030648,1.2789075363030649,0.12344153696630544,12.344153696630544
95,"Toys, sporting goods, and miscellaneous manufactured articles",8,Canada,0.010520399690474642,1.0520399690474642,0.013260104613788952,1.3260104613788952
95,"Toys, sporting goods, and miscellaneous manufactured articles",9,Malaysia,0.01030315194759944,1.030315194759944,0.11370040877327253,11.370040877327254
95,"Toys, sporting goods, and miscellaneous manufactured articles",10,Cambodia,0.009461087822135141,0.9461087822135141,0.12623928019059497,12.623928019059496
96,"Toys, sporting goods, and miscellaneous manufactured articles",1,China,0.5887206205638595,58.87206205638596,0.2954064569171127,29.54064569171127
96,"Toys, sporting goods, and miscellaneous manufactured articles",2,Canada,0.12531120226549253,12.531120226549252,0.0014835936882333484,0.14835936882333484
96,"Toys, sporting goods, and miscellaneous manufactured articles",3,Mexico,0.11978974276589671,11.978974276589671,0.015784482931736375,1.5784482931736374
96,"Toys, sporting goods, and miscellaneous manufactured articles",4,Japan,0.04163963701701511,4.163963701701511,0.10902010694661263,10.902010694661262
96,"Toys, sporting goods, and miscellaneous manufactured articles",5,Germany,0.027111337671460206,2.7111337671460207,0.09864215858220068,9.864215858220069
96,"Toys, sporting goods, and miscellaneous manufactured articles",6,Vietnam,0.02519289287418914,2.519289287418914,0.15367569223673766,15.367569223673765
96,"Toys, sporting goods, and miscellaneous manufactured articles",7,India,0.02387900258748874,2.387900258748874,0.17832754743391965,17.832754743391966
96,"Toys, sporting goods, and miscellaneous manufactured articles",8,France,0.021984188020642496,2.1984188020642494,0.10159791558889407,10.159791558889406
96,"Toys, sporting goods, and miscellaneous manufactured articles",9,"Korea, South",0.013327728947431559,1.3327728947431559,0.08998556511987606,8.998556511987605
96,"Toys, sporting goods, and miscellaneous manufactured articles",10,Italy,0.013043647286524107,1.3043647286524107,0.1007013500334208,10.070135003342081
